{
  "Gomti_Q2_2022_NDVI.png": [
    91.12474309497061,
    23.480793717014937,
    91.15187221655103,
    23.48968703832772
  ],
  "Gomti_Q2_2022_NDWI.png": [
    91.12474309497061,
    23.480793717014937,
    91.15187221655103,
    23.48968703832772
  ],
  "Gomti_Q4_2022_NDVI.png": [
    91.12474309497061,
    23.480793717014937,
    91.15187221655103,
    23.48968703832772
  ],
  "Gomti_Q4_2022_NDWI.png": [
    91.12474309497061,
    23.480793717014937,
    91.15187221655103,
    23.48968703832772
  ],
  "Gomti_Q1_2022_NDVI.png": [
    91.12474309497061,
    23.480793717014937,
    91.15187221655103,
    23.48968703832772
  ],
  "Gomti_Q1_2022_NDWI.png": [
    91.12474309497061,
    23.480793717014937,
    91.15187221655103,
    23.48968703832772
  ],
  "Gomti_Q3_2022_NDVI.png": [
    91.12474309497061,
    23.480793717014937,
    91.15187221655103,
    23.48968703832772
  ],
  "Gomti_Q3_2022_NDWI.png": [
    91.12474309497061,
    23.480793717014937,
    91.15187221655103,
    23.48968703832772
  ]
}
