{
  "Jamuna_Q2_2022_NDVI.png": [
    89.69660145627739,
    24.229898832442206,
    89.83889459728192,
    24.441452081852354
  ],
  "Jamuna_Q2_2022_NDWI.png": [
    89.69660145627739,
    24.229898832442206,
    89.83889459728192,
    24.441452081852354
  ],
  "Jamuna_Q3_2022_NDVI.png": [
    89.69660145627739,
    24.229898832442206,
    89.83889459728192,
    24.441452081852354
  ],
  "Jamuna_Q3_2022_NDWI.png": [
    89.69660145627739,
    24.229898832442206,
    89.83889459728192,
    24.441452081852354
  ],
  "Jamuna_Q4_2022_NDVI.png": [
    89.69660145627739,
    24.229898832442206,
    89.83889459728192,
    24.441452081852354
  ],
  "Jamuna_Q4_2022_NDWI.png": [
    89.69660145627739,
    24.229898832442206,
    89.83889459728192,
    24.441452081852354
  ],
  "Jamuna_Q1_2022_NDVI.png": [
    89.69660145627739,
    24.229898832442206,
    89.83889459728192,
    24.441452081852354
  ],
  "Jamuna_Q1_2022_NDWI.png": [
    89.69660145627739,
    24.229898832442206,
    89.83889459728192,
    24.441452081852354
  ]
}