{
  "Padma_Q2_2022_NDVI.png": [
    89.61278864026905,
    23.75289341657474,
    89.79137371875201,
    23.813350035195985
  ],
  "Padma_Q2_2022_NDWI.png": [
    89.61278864026905,
    23.75289341657474,
    89.79137371875201,
    23.813350035195985
  ],
  "Padma_Q1_2022_NDVI.png": [
    89.61278864026905,
    23.75289341657474,
    89.79137371875201,
    23.813350035195985
  ],
  "Padma_Q1_2022_NDWI.png": [
    89.61278864026905,
    23.75289341657474,
    89.79137371875201,
    23.813350035195985
  ],
  "Padma_Q3_2022_NDVI.png": [
    89.61278864026905,
    23.75289341657474,
    89.79137371875201,
    23.813350035195985
  ],
  "Padma_Q3_2022_NDWI.png": [
    89.61278864026905,
    23.75289341657474,
    89.79137371875201,
    23.813350035195985
  ],
  "Padma_Q4_2022_NDVI.png": [
    89.61278864026905,
    23.75289341657474,
    89.79137371875201,
    23.813350035195985
  ],
  "Padma_Q4_2022_NDWI.png": [
    89.61278864026905,
    23.75289341657474,
    89.79137371875201,
    23.813350035195985
  ]
}